<?xml version="1.0" encoding="UTF-8"?>
<!DOCTYPE mapper PUBLIC "-//mybatis.org//DTD Mapper 3.0//EN" 
"http://mybatis.org/dtd/mybatis-3-mapper.dtd">


<!-- 보드 매퍼 인터페이스 경로를 적어줘야함 -->
<mapper namespace="kosta.mapper.BoardMapper">
	<cache />
	
	<!-- 글번호를 알려줌 -->
	<select id="selectB_id" resultType="Integer">
		select max(b_id) from board2
	</select>
	
	<insert id="insertBoard" parameterType="Board">
		insert into board2(
			b_id, b_name, b_title, b_content, b_pwd, b_hit, b_date,
			b_ref, b_step, b_level
		)values(
			#{b_id}, #{b_name}, #{b_title}, #{b_content}, #{b_pwd},
			0, SYSDATE,  #{b_ref}, #{b_step}, #{b_level}
		)
	</insert>
	
	<update id="updateStep" parameterType="java.util.HashMap">
		update board2 set b_step = b_step+1
			where b_ref = #{b_ref} and b_step > #{b_step}
	</update>
	
	 <select id="listBoard" resultType="Board" parameterType="Search">
         select * from board2 
         	<if test="area != null">
         		<where>
         		<!-- b_title Like %aa% or b_name like %aa% (동적쿼리문) 컬럼이름은 리터럴형시 '$' 표시 -->
         			<foreach collection="area" item="item" separator="OR" open="(" close=")">
         				${item} LIKE #{searchKey}
         			</foreach>
         		</where>
         	</if>
         	order by b_ref desc, b_step asc 
   </select>
	
	<select id="selectBoard" parameterType="int" resultType="Board">
		select * from board2 where b_id = #{b_id}
	</select>
	
	<update id="hitCount" parameterType="int">
		update board2 set b_hit=b_hit+1 where b_id=#{b_id}
	</update>
	
	<select id="countBoard" resultType="int">
		select count(*) from board2
	</select>
	
	
	
</mapper>















